<?xml version="1.0" encoding="UTF-8"?>
<configuration>
    <appender name="ConsoleAppender" class="ch.qos.logback.core.ConsoleAppender">
        <encoder>
            <pattern>
                %d{MM:dd HH:mm:ss.SSS} [%t] [%level] [%logger{36}] - %msg%n
            </pattern>
        </encoder>
    </appender>
    <appender name="FileAppender" class="ch.qos.logback.core.rolling.RollingFileAppender">
        <file>./logs/samplecar.log</file>
        <encoder class="ch.qos.logback.classic.encoder.PatternLayoutEncoder">
            <Pattern>
                %d{yyyy-MM-dd HH:mm:ss.SSS} [%t] [%level] [%logger{36}] - %msg%n
            </Pattern>
        </encoder>
        <rollingPolicy class="ch.qos.logback.core.rolling.SizeAndTimeBasedRollingPolicy">
            <fileNamePattern>./logs/archived/samplecar.%d{yyyy-MM-dd}.%i.log</fileNamePattern>
            <!-- each archived file, size max 10MB -->
            <maxFileSize>10MB</maxFileSize>
            <!-- total size of all archive files, if total size > 2GB,
				it will delete old archived file -->
            <totalSizeCap>2GB</totalSizeCap>
            <!-- 60 days to keep -->
            <maxHistory>60</maxHistory>
        </rollingPolicy>
    </appender>

    <root level="info">
        <appender-ref ref="FileAppender"></appender-ref>
        <appender-ref ref="ConsoleAppender"></appender-ref>
    </root>
</configuration>